id;name;lng;lat;created_date;last_modified_date
1;violet withdrawal Salad;31826;5440;2023-07-30T06:19:11;2023-07-30T12:51:51
2;synergize female transform;17873;5101;2023-07-29T23:09:16;2023-07-30T12:59:21
3;tempore North Dakota;23040;23132;2023-07-30T02:13:40;2023-07-29T22:02:37
4;Funk;12649;22666;2023-07-29T17:22:28;2023-07-30T06:02:04
5;infrastructures Mexico Concrete;7423;11191;2023-07-30T13:11:49;2023-07-30T01:20:51
6;North payment;16358;8872;2023-07-30T00:26:59;2023-07-29T19:01:51
7;Virtual zap;23353;810;2023-07-30T07:48:53;2023-07-29T20:20:12
8;Account;15768;14406;2023-07-29T20:38:43;2023-07-29T23:07:50
9;Avon excepturi pedal;16478;3875;2023-07-30T03:55:46;2023-07-30T05:57:58
10;Missouri;5827;15839;2023-07-30T02:00:02;2023-07-30T10:20:12
