id;name;created_date;last_modified_date
1;fuchsia intuitive;2023-07-30T07:48:04;2023-07-30T01:18:08
2;keenly Southeast nesciunt;2023-07-30T14:39:36;2023-07-30T10:48:10
3;Volkswagen;2023-07-29T16:32:37;2023-07-29T23:37:58
4;paradigms;2023-07-29T21:37:32;2023-07-30T08:37:27
5;hack;2023-07-30T10:23:15;2023-07-30T08:10:46
6;Developer;2023-07-29T22:11:47;2023-07-30T06:00:28
7;rob Fiat;2023-07-29T16:06:59;2023-07-30T09:26:47
8;South;2023-07-30T04:22:09;2023-07-30T02:00:49
9;Bicycle;2023-07-29T22:25:14;2023-07-29T20:33:52
10;male Diesel;2023-07-30T00:04:26;2023-07-30T00:41:58
